2016-09-29,2016-09-29,1,48,7,7,2016-09,2016-08,2016-09
2016-09-29,2016-09-29,1,48,7,7,2016-09,2016-08,2016-09
2016-09-29,2016-09-29,1,48,7,7,2016-09,2016-08,2016-09
2016-09-29,2016-09-29,1,48,7,7,2016-09,2016-08,2016-09
2016-09-29,2016-09-29,1,48,7,7,2016-09,2016-08,2016-09
2016-09-29,2016-09-29,1,48,7,7,2016-09,2016-08,2016-09
2016-09-29,2016-09-29,1,48,7,7,2016-09,2016-08,2016-09
2016-09-29,2016-09-29,1,48,7,7,2016-09,2016-08,2016-09
2016-09-29,2016-09-29,1,48,7,7,2016-09,2016-08,2016-09
2016-09-29,2016-09-29,1,48,7,7,2016-09,2016-08,2016-09
2016-09-29,2016-09-29,1,48,7,7,2016-09,2016-08,2016-09
2016-09-29,2016-09-29,1,48,7,7,2016-09,2016-08,2016-09
2016-09-29,2016-09-29,1,48,7,7,2016-09,2016-08,2016-09
2016-09-29,2016-09-29,1,48,7,7,2016-09,2016-08,2016-09
2016-09-29,2016-09-29,1,48,7,7,2016-09,2016-08,2016-09
2016-09-29,2016-09-29,1,48,7,7,2016-09,2016-08,2016-09
2016-09-29,2016-09-29,1,48,7,7,2016-09,2016-08,2016-09
2016-09-29,2016-09-29,1,48,7,7,2016-09,2016-08,2016-09
2016-09-29,2016-09-29,1,48,7,7,2016-09,2016-08,2016-09
2016-09-29,2016-09-29,1,48,7,7,2016-09,2016-08,2016-09
2016-09-29,2016-09-29,1,48,7,7,2016-09,2016-08,2016-09
2016-09-29,2016-09-29,1,48,7,7,2016-09,2016-08,2016-09
2016-09-29,2016-09-29,1,48,7,7,2016-09,2016-08,2016-09
2016-09-29,2016-09-29,1,48,7,7,2016-09,2016-08,2016-09
2016-09-29,2016-09-29,1,48,7,7,2016-09,2016-08,2016-09
2016-09-29,2016-09-29,1,48,7,7,2016-09,2016-08,2016-09
2016-09-29,2016-09-29,1,48,7,7,2016-09,2016-08,2016-09
2016-09-29,2016-09-29,1,48,7,7,2016-09,2016-08,2016-09
2016-09-29,2016-09-29,1,48,7,7,2016-09,2016-08,2016-09
2016-09-29,2016-09-29,1,48,7,7,2016-09,2016-08,2016-09
2016-09-29,2016-09-29,1,48,7,7,2016-09,2016-08,2016-09
2016-09-29,2016-09-29,1,48,7,7,2016-09,2016-08,2016-09
2016-09-29,2016-09-29,1,48,7,7,2016-09,2016-08,2016-09
2016-09-29,2016-09-29,1,48,7,7,2016-09,2016-08,2016-09
2016-09-29,2016-09-29,1,48,7,7,2016-09,2016-08,2016-09
2016-09-29,2016-09-29,1,48,7,7,2016-09,2016-08,2016-09
2016-09-29,2016-09-29,1,48,7,7,2016-09,2016-08,2016-09
2016-09-29,2016-09-29,1,48,7,7,2016-09,2016-08,2016-09
2016-09-29,2016-09-29,1,48,7,7,2016-09,2016-08,2016-09
2016-09-29,2016-09-29,1,48,7,7,2016-09,2016-08,2016-09
2016-09-29,2016-09-29,1,48,7,7,2016-09,2016-08,2016-09
2016-09-29,2016-09-29,1,48,7,7,2016-09,2016-08,2016-09
2016-09-29,2016-09-29,1,48,7,7,2016-09,2016-08,2016-09
2016-09-29,2016-09-29,1,48,7,7,2016-09,2016-08,2016-09
2016-09-29,2016-09-29,1,48,7,7,2016-09,2016-08,2016-09
2016-09-29,2016-09-29,1,48,7,7,2016-09,2016-08,2016-09
2016-09-29,2016-09-29,1,48,7,7,2016-09,2016-08,2016-09
2016-09-29,2016-09-29,1,48,7,7,2016-09,2016-08,2016-09
2016-09-29,2016-09-29,1,48,7,7,2016-09,2016-08,2016-09
2016-09-29,2016-09-29,1,48,7,7,2016-09,2016-08,2016-09
2016-09-29,2016-09-29,1,48,7,7,2016-09,2016-08,2016-09
